id,name
1,"الصحافة والإعلام"
2,"الكتب السياسية"
3,"الكتب الإسلامية"
4,"العلوم والطبيعة"
5,"الكتب الإسلامية"
6,"الأدب والخيال"
7,الفنون
8,"العلوم والطبيعة"
9,"العلوم والطبيعة"
10,"الكتب السياسية"
11,"الأدب والخيال"
12,الفنون
13,"العلوم والطبيعة"
14,"الأدب والخيال"
15,"الأدب والخيال"
16,"الأدب والخيال"
17,"الكتب السياسية"
18,"الكتب السياسية"
19,"الكتب الإسلامية"
20,الفنون
21,"الأدب والخيال"
22,"العلوم والطبيعة"
23,"العلوم والطبيعة"
24,"العلوم والطبيعة"
25,"الأدب والخيال"
26,"الأدب والخيال"
27,"الاقتصاد والأعمال"
28,"الاقتصاد والأعمال"
29,"الكتب الإسلامية"
30,"الرياضة والتسلية"
31,"العلوم والطبيعة"
32,"التاريخ والجغرافيا"
33,"الشرع والقانون"
34,"الكتب السياسية"
35,"الكتب السياسية"
36,"الكتب الإسلامية"
37,"الأدب والخيال"
38,"الكتب السياسية"
39,"الاقتصاد والأعمال"
40,"الصحافة والإعلام"
41,"الاقتصاد والأعمال"
42,"الكتب الإسلامية"
43,"الكتب السياسية"
44,"التاريخ والجغرافيا"
45,"الصحافة والإعلام"
46,"الكتب الإسلامية"
47,"الأدب والخيال"
48,"الصحافة والإعلام"
49,"التاريخ والجغرافيا"
